game_id,game_type,season,created,player_names,player_ids,player_leagues,player_races,player_orders,map_id,map_name,turn_count,replay_fetched,player_winner,engine
ahRzfm91dHdpdHRlcnNnYW1lLWhyZHIVCxIIR2FtZVJvb20YgICQ2ILh9QgM    ,3,7,2019-03-01 10:03:37,"{lucastaint,Jemini.Jenn}","{26972,61195}","{3,2}","{4,4}",\N,9,Long Nine,23,t,1,1603
ahRzfm91dHdpdHRlcnNnYW1lLWhyZHIVCxIIR2FtZVJvb20YgICQyIq_8QkM    ,5,7,2019-03-01 14:40:49,"{Masakaos,""* J Money *"",DancesWithoutSeasoning,""Eej 37""}","{186985,26540,33099,145604}","{4,4,0,4}","{2,1,2,2}",\N,1,Machination,25,t,1,1603
ahRzfm91dHdpdHRlcnNnYW1lLWhyZHIVCxIIR2FtZVJvb20YgICQqO_xtQsM    ,3,7,2019-03-01 23:47:44,"{lucastaint,IcUmeowing519}","{26972,189336}","{3,2}","{2,3}",\N,16,Sweet Tooth,34,t,2,1603
ahRzfm91dHdpdHRlcnNnYW1lLWhyZHIVCxIIR2FtZVJvb20YgICQku7WuAkM    ,3,7,2019-03-01 23:47:36,"{Tshadow05,Uconn1029}","{189950,34361}","{1,1}","{2,3}",\N,6,Sweetie Plains,18,t,1,1603
ahRzfm91dHdpdHRlcnNnYW1lLWhyZHIVCxIIR2FtZVJvb20YgICQ4pCjrAsM    ,3,7,2019-03-01 23:50:19,"{""Mianala Balmaer"",Uconn1029}","{188368,34361}","{1,1}","{3,3}",\N,15,War Garden,16,t,1,1603
ahRzfm91dHdpdHRlcnNnYW1lLWhyZHIVCxIIR2FtZVJvb20YgICQku7WuAsM    ,3,7,2019-03-01 23:42:55,"{Kmaev808,c*79*}","{37070,6234}","{3,3}","{1,3}",\N,16,Sweet Tooth,20,t,2,1603
ahRzfm91dHdpdHRlcnNnYW1lLWhyZHIVCxIIR2FtZVJvb20YgICQ4r_c6AgM    ,3,7,2019-03-01 23:40:27,"{""Mianala Balmaer"",Tshadow05}","{188368,189950}","{1,1}","{3,2}",\N,10,Sharkfood Island,13,t,1,1603
ahRzfm91dHdpdHRlcnNnYW1lLWhyZHIVCxIIR2FtZVJvb20YgICQosrsrgoM    ,3,7,2019-03-01 22:25:41,"{goatforth,.pfpro.}","{39074,5022}","{3,4}","{3,3}",\N,10,Sharkfood Island,19,t,2,1603
ahRzfm91dHdpdHRlcnNnYW1lLWhyZHIVCxIIR2FtZVJvb20YgICQqOz49wgM    ,3,7,2019-03-01 21:06:41,"{.-DuMontster-.,surabijo}","{37625,188789}","{4,4}","{3,2}",\N,13,Reaper,45,t,1,1603
ahRzfm91dHdpdHRlcnNnYW1lLWhyZHIVCxIIR2FtZVJvb20YgICQyKrB-wkM    ,3,7,2019-03-01 22:45:59,"{williamjdyork,studiqi}","{189467,188603}","{3,3}","{3,1}",\N,4,Glitch,17,t,2,1603
ahRzfm91dHdpdHRlcnNnYW1lLWhyZHIVCxIIR2FtZVJvb20YgICQyIGqqwkM    ,3,7,2019-03-01 23:32:26,"{uckfou,Ubiquemuzik}","{14317,3903}","{3,3}","{2,1}",\N,7,Peekaboo,15,t,2,1603
ahRzfm91dHdpdHRlcnNnYW1lLWhyZHIVCxIIR2FtZVJvb20YgICQyNLeqgoM    ,5,7,2019-03-01 22:25:59,"{Humair5945,G3ntleB3ast,E6ric26,nullys}","{179977,38978,169848,2326}","{3,4,4,4}","{3,3,3,2}",\N,5,Candy Core Mine,61,t,1,1603
ahRzfm91dHdpdHRlcnNnYW1lLWhyZHIVCxIIR2FtZVJvb20YgICQqMGigwgM    ,3,7,2019-03-01 22:45:31,"{studiqi,williamjdyork}","{188603,189467}","{3,3}","{1,3}",\N,12,Thorn Gulley,20,t,1,1603
ahRzfm91dHdpdHRlcnNnYW1lLWhyZHIVCxIIR2FtZVJvb20YgICQ2MCt-gkM    ,3,7,2019-03-01 21:27:43,"{whitboup,""Jeff Is A G(:""}","{183523,72416}","{3,3}","{1,3}",\N,4,Glitch,15,t,1,1603
ahRzfm91dHdpdHRlcnNnYW1lLWhyZHIVCxIIR2FtZVJvb20YgICQiM-G8woM    ,3,7,2019-03-01 21:49:18,"{kelloggsguy,Terry362}","{189943,7679}","{0,1}","{3,3}",\N,12,Thorn Gulley,13,t,2,1603
ahRzfm91dHdpdHRlcnNnYW1lLWhyZHIVCxIIR2FtZVJvb20YgICQ6MWUnQsM    ,3,7,2019-03-01 22:35:14,"{sirenaone,DubiousMaster}","{159394,189095}","{2,2}","{4,2}",\N,15,War Garden,27,t,1,1603
ahRzfm91dHdpdHRlcnNnYW1lLWhyZHIVCxIIR2FtZVJvb20YgICQ6KbqlggM    ,3,7,2019-03-01 23:32:29,"{""maroon baboon"",:maracuja:}","{9459,29894}","{3,4}","{3,2}",\N,15,War Garden,3,t,2,1603
ahRzfm91dHdpdHRlcnNnYW1lLWhyZHIVCxIIR2FtZVJvb20YgICQ6NWn9AgM    ,3,7,2019-03-01 22:08:32,"{Mordeki09,drew549}","{60955,16308}","{4,4}","{2,2}",\N,14,Skull Duggery,20,t,2,1603
ahRzfm91dHdpdHRlcnNnYW1lLWhyZHIVCxIIR2FtZVJvb20YgICQ6LWaowoM    ,3,7,2019-03-01 21:31:55,"{surabijo,""Young /\\\\""}","{188789,87467}","{4,4}","{2,1}",\N,14,Skull Duggery,17,t,2,1603
ahRzfm91dHdpdHRlcnNnYW1lLWhyZHIVCxIIR2FtZVJvb20YgICQmKPJ_wgM    ,3,7,2019-03-01 23:32:24,"{kdaytona82,HilmJustus}","{11337,189662}","{1,1}","{3,3}",\N,3,Foundry (V2),10,t,1,1603
ahRzfm91dHdpdHRlcnNnYW1lLWhyZHIVCxIIR2FtZVJvb20YgICQ6LWBsgkM    ,2,7,2019-03-01 21:16:35,"{zifiris,Irohans}","{3195,188922}","{0,0}","{3,3}",\N,9,Long Nine,15,t,1,1603
ahRzfm91dHdpdHRlcnNnYW1lLWhyZHIVCxIIR2FtZVJvb20YgICQyOrikQoM    ,3,7,2019-03-01 23:00:34,"{Wix!er,williamjdyork}","{66346,189467}","{3,3}","{3,3}",\N,12,Thorn Gulley,11,t,2,1603
ahRzfm91dHdpdHRlcnNnYW1lLWhyZHIVCxIIR2FtZVJvb20YgICQsJPp-AkM    ,3,7,2019-03-01 21:53:36,"{pvmarcos,Packerplayas52}","{164417,71774}","{3,3}","{1,2}",\N,12,Thorn Gulley,17,t,2,1603
ahRzfm91dHdpdHRlcnNnYW1lLWhyZHIVCxIIR2FtZVJvb20YgICQyIGPrwsM    ,3,7,2019-03-01 23:32:24,"{JCUAce,DeLaBean}","{7651,174380}","{3,3}","{4,2}",\N,7,Peekaboo,53,t,1,1603
ahRzfm91dHdpdHRlcnNnYW1lLWhyZHIVCxIIR2FtZVJvb20YgICQ6LXMvAsM    ,3,7,2019-03-01 22:35:50,"{somlosan,FAJAPAJA}","{30510,7576}","{2,2}","{3,3}",\N,15,War Garden,17,t,2,1603
ahRzfm91dHdpdHRlcnNnYW1lLWhyZHIVCxIIR2FtZVJvb20YgICQ2MD84wsM    ,3,7,2019-03-01 21:14:40,"{ICameInLikeAWreckingBall,surabijo}","{38859,188789}","{4,4}","{2,2}",\N,10,Sharkfood Island,10,t,2,1603
ahRzfm91dHdpdHRlcnNnYW1lLWhyZHIVCxIIR2FtZVJvb20YgICQ2MCt-goM    ,3,7,2019-03-01 21:32:46,"{drowningmelville,ICameInLikeAWreckingBall}","{183270,38859}","{4,4}","{1,2}",\N,15,War Garden,13,t,2,1603
ahRzfm91dHdpdHRlcnNnYW1lLWhyZHIVCxIIR2FtZVJvb20YgICQ4r-RpAkM    ,4,7,2019-03-01 23:16:56,"{jackdavidmc,Icesharkz7,SpencerL62,Coffeedrilo}","{189967,189970,139457,174668}","{0,0,0,0}","{3,3,3,3}",\N,8,Blitz Beach,28,t,2,1603
ahRzfm91dHdpdHRlcnNnYW1lLWhyZHIVCxIIR2FtZVJvb20YgICQiM307QkM    ,3,7,2019-03-01 21:53:35,"{Terry362,MicoMoM}","{7679,188558}","{1,1}","{3,3}",\N,6,Sweetie Plains,53,t,1,1603
ahRzfm91dHdpdHRlcnNnYW1lLWhyZHIVCxIIR2FtZVJvb20YgICQ0uWbqwkM    ,2,7,2019-03-01 21:56:16,"{Mātthęww,Revitz}","{45074,45073}","{0,0}","{3,3}",\N,4,Glitch,30,t,2,1603
ahRzfm91dHdpdHRlcnNnYW1lLWhyZHIVCxIIR2FtZVJvb20YgICQmMjA5AgM    ,3,7,2019-03-01 21:53:03,"{formidableformofforms,Packerplayas52}","{64140,71774}","{3,3}","{1,2}",\N,9,Long Nine,11,t,2,1603
ahRzfm91dHdpdHRlcnNnYW1lLWhyZHIVCxIIR2FtZVJvb20YgICQsNPlqwkM    ,3,7,2019-03-01 23:32:27,"{HilmJustus,stevechye1}","{189662,189772}","{1,1}","{3,3}",\N,10,Sharkfood Island,38,t,2,1603
ahRzfm91dHdpdHRlcnNnYW1lLWhyZHIVCxIIR2FtZVJvb20YgICQko-DjQoM    ,3,7,2019-03-01 21:48:12,"{sydneys-dad,XxxBOOSTEDxxX}","{25744,155378}","{3,2}","{3,3}",\N,13,Reaper,16,t,1,1603
ahRzfm91dHdpdHRlcnNnYW1lLWhyZHIVCxIIR2FtZVJvb20YgICQ4pCjrAkM    ,3,7,2019-03-01 22:04:48,"{Kmaev808,-=Didou=-}","{37070,179101}","{3,2}","{3,2}",\N,3,Foundry (V2),11,t,1,1603
ahRzfm91dHdpdHRlcnNnYW1lLWhyZHIVCxIIR2FtZVJvb20YgICQqKDmuwsM    ,2,7,2019-03-01 18:27:12,"{""KR 86"",TexasGooner}","{29085,15633}","{0,0}","{1,2}",\N,13,Reaper,45,t,1,1603
ahRzfm91dHdpdHRlcnNnYW1lLWhyZHIVCxIIR2FtZVJvb20YgICQko-DjQkM    ,3,7,2019-03-01 20:44:16,"{ICameInLikeAWreckingBall,bngn3000}","{38859,20696}","{4,4}","{2,2}",\N,13,Reaper,9,t,1,1603
ahRzfm91dHdpdHRlcnNnYW1lLWhyZHIVCxIIR2FtZVJvb20YgICQ6MbdkggM    ,3,7,2019-03-01 18:32:25,"{chad•aaron,""Azul Mvp""}","{4715,189223}","{3,3}","{3,3}",\N,10,Sharkfood Island,8,t,2,1603
ahRzfm91dHdpdHRlcnNnYW1lLWhyZHIVCxIIR2FtZVJvb20YgICQqN7D4QgM    ,3,7,2019-03-01 19:59:09,"{PineCard50263,""! Jane 97 !""}","{189668,76546}","{2,2}","{1,3}",\N,4,Glitch,16,t,1,1603
ahRzfm91dHdpdHRlcnNnYW1lLWhyZHIVCxIIR2FtZVJvb20YgICQqLCI-QgM    ,2,7,2019-03-01 18:32:26,"{devarksman,Pov1k}","{189350,189952}","{0,0}","{4,3}",\N,12,Thorn Gulley,14,t,1,1603
ahRzfm91dHdpdHRlcnNnYW1lLWhyZHIVCxIIR2FtZVJvb20YgICQ6LWa4woM    ,3,7,2019-03-01 18:57:32,"{murneltheturtle,GogolMischa}","{187774,5054}","{3,3}","{1,1}",\N,15,War Garden,22,t,1,1603
ahRzfm91dHdpdHRlcnNnYW1lLWhyZHIVCxIIR2FtZVJvb20YgICQ4pCUmAgM    ,3,7,2019-03-01 19:38:28,"{ICameInLikeAWreckingBall,₩altvark}","{38859,187803}","{4,4}","{2,1}",\N,9,Long Nine,10,t,1,1603
ahRzfm91dHdpdHRlcnNnYW1lLWhyZHIVCxIIR2FtZVJvb20YgICQ0rTvuwoM    ,3,7,2019-03-01 19:12:34,"{Mikev37,ellipsis73}","{189657,25571}","{2,3}","{3,4}",\N,9,Long Nine,18,t,1,1603
ahRzfm91dHdpdHRlcnNnYW1lLWhyZHIVCxIIR2FtZVJvb20YgICQkpynuwoM    ,2,7,2019-03-01 18:49:25,"{Nebopolasar,yarmolochkin}","{5296,189981}","{0,0}","{2,3}",\N,6,Sweetie Plains,2,t,1,1603
ahRzfm91dHdpdHRlcnNnYW1lLWhyZHIVCxIIR2FtZVJvb20YgICQmOOQqQkM    ,3,7,2019-03-01 18:32:25,"{meathings,ITOR-MC}","{143450,189980}","{2,0}","{3,3}",\N,4,Glitch,4,t,1,1603
ahRzfm91dHdpdHRlcnNnYW1lLWhyZHIVCxIIR2FtZVJvb20YgICQovG2pQsM    ,3,7,2019-03-01 18:57:59,"{ICameInLikeAWreckingBall,₩altvark}","{38859,187803}","{4,4}","{2,1}",\N,7,Peekaboo,10,t,2,1603
ahRzfm91dHdpdHRlcnNnYW1lLWhyZHIVCxIIR2FtZVJvb20YgICQmKqpoAsM    ,3,7,2019-03-01 20:28:10,"{Hooydonck,brianpf28}","{149099,40316}","{4,4}","{2,1}",\N,13,Reaper,36,t,2,1603
ahRzfm91dHdpdHRlcnNnYW1lLWhyZHIVCxIIR2FtZVJvb20YgICQ2MKO-wsM    ,3,7,2019-03-01 18:47:15,"{ICameInLikeAWreckingBall,C.Roehm}","{38859,1928}","{4,4}","{2,2}",\N,15,War Garden,15,t,1,1603
ahRzfm91dHdpdHRlcnNnYW1lLWhyZHIVCxIIR2FtZVJvb20YgICQ6MW3-gkM    ,2,7,2019-03-01 18:32:23,"{UnsulliedLedge1,ObviousOneKenobi}","{189760,189977}","{0,0}","{3,3}",\N,16,Sweet Tooth,7,t,2,1603
ahRzfm91dHdpdHRlcnNnYW1lLWhyZHIVCxIIR2FtZVJvb20YgICQiM-G8wsM    ,3,7,2019-03-01 18:32:29,"{chad•aaron,bettinanyc}","{4715,16684}","{3,3}","{3,4}",\N,15,War Garden,4,t,2,1603
ahRzfm91dHdpdHRlcnNnYW1lLWhyZHIVCxIIR2FtZVJvb20YgICQqO-WpAoM    ,3,7,2019-03-01 20:44:45,"{SHAKIN6THE9FEDS,Jonson5357}","{187895,150201}","{3,3}","{3,1}",\N,10,Sharkfood Island,21,t,2,1603
ahRzfm91dHdpdHRlcnNnYW1lLWhyZHIVCxIIR2FtZVJvb20YgICQqIGsoAkM    ,3,7,2019-03-01 19:02:18,"{ICameInLikeAWreckingBall,bngn3000}","{38859,20696}","{4,4}","{2,1}",\N,15,War Garden,10,t,1,1603
ahRzfm91dHdpdHRlcnNnYW1lLWhyZHIVCxIIR2FtZVJvb20YgICQ2MLEswkM    ,3,7,2019-03-01 20:06:46,"{SpottedN00b18307,<ICEMAN1212>}","{188556,59914}","{3,3}","{3,3}",\N,12,Thorn Gulley,18,t,2,1603
ahRzfm91dHdpdHRlcnNnYW1lLWhyZHIVCxIIR2FtZVJvb20YgICQ6LT74wkM    ,2,7,2019-03-01 18:32:26,"{ObviousOneKenobi,Dubewendt}","{189977,7363}","{0,0}","{3,4}",\N,12,Thorn Gulley,13,t,2,1603
ahRzfm91dHdpdHRlcnNnYW1lLWhyZHIVCxIIR2FtZVJvb20YgICQorP87wkM    ,3,7,2019-03-01 20:08:06,"{Makalb18,ellipsis73}","{86148,25571}","{2,3}","{3,4}",\N,4,Glitch,18,t,2,1603
ahRzfm91dHdpdHRlcnNnYW1lLWhyZHIVCxIIR2FtZVJvb20YgICQmOqlvQoM    ,2,7,2019-03-01 18:32:23,"{Udchan,colin9999}","{189978,189979}","{0,0}","{3,3}",\N,10,Sharkfood Island,3,t,2,1603
ahRzfm91dHdpdHRlcnNnYW1lLWhyZHIVCxIIR2FtZVJvb20YgICQqIGVuQsM    ,3,7,2019-03-01 18:46:37,"{Chizzzle,DubiousMaster}","{189910,189095}","{3,2}","{2,3}",\N,10,Sharkfood Island,13,t,1,1603
ahRzfm91dHdpdHRlcnNnYW1lLWhyZHIVCxIIR2FtZVJvb20YgICQotPTugsM    ,2,7,2019-03-01 20:07:34,"{Brygirl,SonOfSonOfSpock}","{40148,40319}","{0,0}","{3,2}",\N,16,Sweet Tooth,18,t,2,1603
ahRzfm91dHdpdHRlcnNnYW1lLWhyZHIVCxIIR2FtZVJvb20YgICQqKCY8woM    ,3,7,2019-03-01 19:26:05,"{-=Didou=-,JCUAce}","{179101,7651}","{2,3}","{1,4}",\N,14,Skull Duggery,37,t,1,1603
ahRzfm91dHdpdHRlcnNnYW1lLWhyZHIVCxIIR2FtZVJvb20YgICQosrw9wkM    ,2,7,2019-03-01 19:15:00,"{Nebopolasar,Tim93k}","{5296,189976}","{0,0}","{4,3}",\N,3,Foundry (V2),1,t,2,1603
ahRzfm91dHdpdHRlcnNnYW1lLWhyZHIVCxIIR2FtZVJvb20YgICQorOYtgkM    ,3,7,2019-03-01 20:09:37,"{ICameInLikeAWreckingBall,₩altvark}","{38859,187803}","{4,4}","{2,1}",\N,13,Reaper,8,t,2,1603
ahRzfm91dHdpdHRlcnNnYW1lLWhyZHIVCxIIR2FtZVJvb20YgICQqMG24goM    ,3,7,2019-03-01 18:27:27,"{stevechye1,UndeadUnion5678}","{189772,189955}","{1,1}","{3,3}",\N,3,Foundry (V2),11,t,1,1603
ahRzfm91dHdpdHRlcnNnYW1lLWhyZHIVCxIIR2FtZVJvb20YgICQko-XrAkM    ,3,7,2019-03-01 17:37:01,"{XxxBOOSTEDxxX,Makalb18}","{155378,86148}","{2,2}","{3,3}",\N,10,Sharkfood Island,12,t,1,1603
ahRzfm91dHdpdHRlcnNnYW1lLWhyZHIVCxIIR2FtZVJvb20YgICQ2MKZpgsM    ,3,7,2019-03-01 16:44:19,"{""people in purple"",-GUDEN-}","{38909,26932}","{3,3}","{4,4}",\N,10,Sharkfood Island,17,t,2,1603
ahRzfm91dHdpdHRlcnNnYW1lLWhyZHIVCxIIR2FtZVJvb20YgICQ4r_c6AoM    ,2,7,2019-03-01 17:44:58,"{Brygirl,SonOfSonOfSpock}","{40148,40319}","{0,0}","{3,2}",\N,7,Peekaboo,15,t,1,1603
ahRzfm91dHdpdHRlcnNnYW1lLWhyZHIVCxIIR2FtZVJvb20YgICQqJ_3rgoM    ,3,7,2019-03-01 17:15:07,"{brianpf28,DaNightTrain}","{40316,2078}","{4,4}","{1,1}",\N,3,Foundry (V2),18,t,1,1603
ahRzfm91dHdpdHRlcnNnYW1lLWhyZHIVCxIIR2FtZVJvb20YgICQqN_R6QkM    ,3,7,2019-03-01 16:18:47,"{williamjdyork,""Necrotic Soul""}","{189467,178491}","{3,3}","{3,3}",\N,7,Peekaboo,15,t,2,1603
ahRzfm91dHdpdHRlcnNnYW1lLWhyZHIVCxIIR2FtZVJvb20YgICQ6Izm6AgM    ,3,7,2019-03-01 16:05:30,"{ZTahner23,""Jeff Is A G(:""}","{179685,72416}","{3,3}","{2,3}",\N,3,Foundry (V2),21,t,1,1603
ahRzfm91dHdpdHRlcnNnYW1lLWhyZHIVCxIIR2FtZVJvb20YgICQ4r-_vQoM    ,2,7,2019-03-01 16:11:32,"{Nebopolasar,Tim93k}","{5296,189976}","{0,0}","{1,3}",\N,10,Sharkfood Island,7,t,1,1603
ahRzfm91dHdpdHRlcnNnYW1lLWhyZHIVCxIIR2FtZVJvb20YgICQsNOBsgkM    ,5,7,2019-03-01 17:46:18,"{theFATangel,chelsea4-4-2,""Eej 37"",""Holy R0ll3r""}","{463,65461,145604,43436}","{4,4,4,4}","{2,2,3,1}",\N,17,Sugar Rock,26,t,2,1603
ahRzfm91dHdpdHRlcnNnYW1lLWhyZHIVCxIIR2FtZVJvb20YgICQsNK4uAoM    ,3,7,2019-03-01 16:49:19,"{-GUDEN-,TDmaster1234}","{26932,22059}","{3,3}","{4,1}",\N,4,Glitch,19,t,2,1603
ahRzfm91dHdpdHRlcnNnYW1lLWhyZHIVCxIIR2FtZVJvb20YgICQqLyTjQgM    ,3,7,2019-03-01 17:27:46,"{LethalAce7,chrischeung28}","{189830,69434}","{3,3}","{3,4}",\N,4,Glitch,32,t,1,1603
ahRzfm91dHdpdHRlcnNnYW1lLWhyZHIVCxIIR2FtZVJvb20YgICQorOYjgoM    ,2,7,2019-03-01 16:57:03,"{Nebopolasar,Tim93k}","{5296,189976}","{0,0}","{1,3}",\N,4,Glitch,9,t,1,1603
ahRzfm91dHdpdHRlcnNnYW1lLWhyZHIVCxIIR2FtZVJvb20YgICQoorZqgoM    ,3,7,2019-03-01 16:44:44,"{williamjdyork,hobobrian}","{189467,189517}","{3,3}","{3,3}",\N,4,Glitch,20,t,1,1603
ahRzfm91dHdpdHRlcnNnYW1lLWhyZHIVCxIIR2FtZVJvb20YgICQyJSNpwsM    ,3,7,2019-03-01 17:51:51,"{SHAKIN6THE9FEDS,RunnerRHF3}","{187895,20051}","{3,3}","{3,2}",\N,9,Long Nine,28,t,1,1603
ahRzfm91dHdpdHRlcnNnYW1lLWhyZHIVCxIIR2FtZVJvb20YgICQ6JWf_wgM    ,3,7,2019-03-01 18:07:45,"{Uncrase,Hail-2-Pitt}","{159153,185315}","{3,3}","{2,3}",\N,16,Sweet Tooth,16,t,1,1603
ahRzfm91dHdpdHRlcnNnYW1lLWhyZHIVCxIIR2FtZVJvb20YgICQyLS1swkM    ,3,7,2019-03-01 18:07:34,"{badmofo514,lookout4that}","{4304,160273}","{3,3}","{3,4}",\N,4,Glitch,12,t,1,1603
ahRzfm91dHdpdHRlcnNnYW1lLWhyZHIVCxIIR2FtZVJvb20YgICQqJ3iowkM    ,3,7,2019-03-01 17:56:55,"{bettinanyc,Mikev37}","{16684,189657}","{3,2}","{1,3}",\N,10,Sharkfood Island,7,t,1,1603
ahRzfm91dHdpdHRlcnNnYW1lLWhyZHIVCxIIR2FtZVJvb20YgICQyMnqtAoM    ,2,7,2019-03-01 17:36:28,"{DoubleA840,senoritacm}","{43658,43657}","{0,0}","{1,3}",\N,15,War Garden,13,t,1,1603
ahRzfm91dHdpdHRlcnNnYW1lLWhyZHIVCxIIR2FtZVJvb20YgICQ6OXOtQkM    ,3,7,2019-03-01 16:05:13,"{Robdog99,""Jeff Is A G(:""}","{50266,72416}","{3,3}","{2,4}",\N,14,Skull Duggery,58,t,1,1603
ahRzfm91dHdpdHRlcnNnYW1lLWhyZHIVCxIIR2FtZVJvb20YgICQ6Kbq5gsM    ,3,7,2019-03-01 17:52:59,"{""Jeff Is A G(:"",A1leggedbunny}","{72416,168166}","{3,3}","{4,3}",\N,13,Reaper,33,t,1,1603
ahRzfm91dHdpdHRlcnNnYW1lLWhyZHIVCxIIR2FtZVJvb20YgICQyNTyoAoM    ,2,7,2019-03-01 16:43:11,"{stevenj133,Brygirl}","{43242,40148}","{0,0}","{1,3}",\N,12,Thorn Gulley,25,t,1,1603
ahRzfm91dHdpdHRlcnNnYW1lLWhyZHIVCxIIR2FtZVJvb20YgICQ4pC5tQkM    ,3,7,2019-03-01 16:23:08,"{ProfMerkin,ZebraSnake}","{157414,184996}","{3,3}","{1,3}",\N,14,Skull Duggery,9,t,2,1603
ahRzfm91dHdpdHRlcnNnYW1lLWhyZHIVCxIIR2FtZVJvb20YgICQorOY9gsM    ,2,7,2019-03-01 16:12:24,"{Nebopolasar,Tim93k}","{5296,189976}","{0,0}","{3,3}",\N,10,Sharkfood Island,1,t,2,1603
ahRzfm91dHdpdHRlcnNnYW1lLWhyZHIVCxIIR2FtZVJvb20YgICQmKPH8AoM    ,3,7,2019-03-01 17:51:48,"{ZTahner23,""Jeff Is A G(:""}","{179685,72416}","{3,3}","{2,3}",\N,3,Foundry (V2),17,t,1,1603
ahRzfm91dHdpdHRlcnNnYW1lLWhyZHIVCxIIR2FtZVJvb20YgICQko-XrAoM    ,2,7,2019-03-01 16:47:38,"{Nebopolasar,Tim93k}","{5296,189976}","{0,0}","{2,3}",\N,6,Sweetie Plains,21,t,1,1603
ahRzfm91dHdpdHRlcnNnYW1lLWhyZHIVCxIIR2FtZVJvb20YgICQ4uKSrgoM    ,2,7,2019-03-01 17:21:16,"{jackdavidmc,Bojangles2015}","{189967,128970}","{0,0}","{3,4}",\N,4,Glitch,11,t,2,1603
ahRzfm91dHdpdHRlcnNnYW1lLWhyZHIVCxIIR2FtZVJvb20YgICQqJ6NswsM    ,3,7,2019-03-01 17:44:44,"{LethalAce7,flywitheagles}","{189830,39314}","{3,2}","{4,4}",\N,3,Foundry (V2),31,t,1,1603
ahRzfm91dHdpdHRlcnNnYW1lLWhyZHIVCxIIR2FtZVJvb20YgICQko-yqAsM    ,2,7,2019-03-01 14:56:54,"{somlosan,Nebopolasar}","{30510,5296}","{0,0}","{3,1}",\N,13,Reaper,10,t,1,1603
ahRzfm91dHdpdHRlcnNnYW1lLWhyZHIVCxIIR2FtZVJvb20YgICQqO2huAkM    ,3,7,2019-03-01 16:02:34,"{ellipsis73,Jago)}","{25571,189359}","{3,3}","{4,3}",\N,16,Sweet Tooth,33,t,2,1603
ahRzfm91dHdpdHRlcnNnYW1lLWhyZHIVCxIIR2FtZVJvb20YgICQ2MCtugsM    ,3,7,2019-03-01 15:06:30,"{C.Roehm,DaNightTrain}","{1928,2078}","{4,4}","{2,1}",\N,9,Long Nine,28,t,1,1603
ahRzfm91dHdpdHRlcnNnYW1lLWhyZHIVCxIIR2FtZVJvb20YgICQqN_R6QoM    ,3,7,2019-03-01 15:37:43,"{Scramburgler,""B. Bending Rodriguez""}","{36076,42959}","{3,3}","{1,2}",\N,16,Sweet Tooth,26,t,1,1603
ahRzfm91dHdpdHRlcnNnYW1lLWhyZHIVCxIIR2FtZVJvb20YgICQqP7E8ggM    ,3,7,2019-03-01 13:29:24,"{bEwoLf_33,thcdoremi}","{68545,176819}","{4,5}","{4,1}",\N,12,Thorn Gulley,54,t,1,1603
ahRzfm91dHdpdHRlcnNnYW1lLWhyZHIVCxIIR2FtZVJvb20YgICQqPyxqgsM    ,2,7,2019-03-01 14:28:54,"{Nebopolasar,somlosan}","{5296,30510}","{0,0}","{2,3}",\N,10,Sharkfood Island,23,t,1,1603
ahRzfm91dHdpdHRlcnNnYW1lLWhyZHIVCxIIR2FtZVJvb20YgICQmPGd_gkM    ,3,7,2019-03-01 14:50:54,"{ICameInLikeAWreckingBall,.pfpro.}","{38859,5022}","{4,4}","{2,3}",\N,9,Long Nine,17,t,1,1603
ahRzfm91dHdpdHRlcnNnYW1lLWhyZHIVCxIIR2FtZVJvb20YgICQmOqMpAkM    ,3,7,2019-03-01 13:43:35,"{chrischeung28,-joejohn22-}","{69434,7901}","{3,3}","{1,2}",\N,13,Reaper,28,t,2,1603
ahRzfm91dHdpdHRlcnNnYW1lLWhyZHIVCxIIR2FtZVJvb20YgICQ6LWaowkM    ,3,7,2019-03-01 15:22:53,"{FAJAPAJA,RooftopTango}","{7576,180969}","{2,3}","{3,3}",\N,16,Sweet Tooth,14,t,1,1603
ahRzfm91dHdpdHRlcnNnYW1lLWhyZHIVCxIIR2FtZVJvb20YgICQovG25QsM    ,3,7,2019-03-01 15:32:23,"{mcgrathe,doekes}","{12950,189780}","{3,3}","{1,3}",\N,4,Glitch,8,t,2,1603
ahRzfm91dHdpdHRlcnNnYW1lLWhyZHIVCxIIR2FtZVJvb20YgICQqP799goM    ,2,7,2019-03-01 15:44:42,"{devarksman,JJMayMay44990}","{189350,189945}","{0,0}","{3,3}",\N,7,Peekaboo,15,t,1,1603
ahRzfm91dHdpdHRlcnNnYW1lLWhyZHIVCxIIR2FtZVJvb20YgICQyKrBuwkM    ,3,7,2019-03-01 14:53:09,"{FAJAPAJA,ellipsis73}","{7576,25571}","{2,3}","{3,4}",\N,9,Long Nine,15,t,1,1603
ahRzfm91dHdpdHRlcnNnYW1lLWhyZHIVCxIIR2FtZVJvb20YgICQqL76pQkM    ,5,7,2019-03-01 15:09:45,"{""B. Bending Rodriguez"",Mexamedic,uckfou,curlyheadedfuc}","{42959,5012,14317,66095}","{3,2,2,2}","{2,1,3,3}",\N,18,Mechanism,39,t,1,1603
ahRzfm91dHdpdHRlcnNnYW1lLWhyZHIVCxIIR2FtZVJvb20YgICQ6Nub6QoM    ,4,7,2019-03-01 13:32:23,"{Zas96,Aspenine,Spike242,B00MB0Yo1}","{169113,189680,178982,169114}","{0,0,0,0}","{4,3,3,3}",\N,5,Candy Core Mine,2,t,1,1603
ahRzfm91dHdpdHRlcnNnYW1lLWhyZHIVCxIIR2FtZVJvb20YgICQ4sGM6QsM    ,3,7,2019-03-01 13:22:33,"{""Comander Dady"",Mrpatton111}","{22789,186147}","{3,3}","{3,3}",\N,15,War Garden,11,t,1,1603
ahRzfm91dHdpdHRlcnNnYW1lLWhyZHIVCxIIR2FtZVJvb20YgICQ6LvX8ggM    ,3,7,2019-03-01 13:43:07,"{HVZN1,K1coni}","{68450,40394}","{4,4}","{3,4}",\N,14,Skull Duggery,16,t,2,1603
ahRzfm91dHdpdHRlcnNnYW1lLWhyZHIVCxIIR2FtZVJvb20YgICQyLS1swoM    ,3,7,2019-03-01 14:54:32,"{ellipsis73,FAJAPAJA}","{25571,7576}","{3,2}","{4,3}",\N,6,Sweetie Plains,19,t,2,1603
ahRzfm91dHdpdHRlcnNnYW1lLWhyZHIVCxIIR2FtZVJvb20YgICQyPHa4goM    ,3,7,2019-03-01 13:58:24,"{jaydat86,JoshWurd}","{38555,35132}","{4,4}","{3,1}",\N,6,Sweetie Plains,56,t,1,1603
ahRzfm91dHdpdHRlcnNnYW1lLWhyZHIVCxIIR2FtZVJvb20YgICQqN_RqQkM    ,3,7,2019-03-01 15:12:18,"{Videlathene,murneltheturtle}","{3752,187774}","{3,3}","{3,2}",\N,10,Sharkfood Island,19,t,2,1603
ahRzfm91dHdpdHRlcnNnYW1lLWhyZHIVCxIIR2FtZVJvb20YgICQ2LybqwkM    ,3,7,2019-03-01 13:54:54,"{JTNeu781,CiscoHawk1}","{1657,176710}","{4,4}","{1,3}",\N,14,Skull Duggery,17,t,2,1603
ahRzfm91dHdpdHRlcnNnYW1lLWhyZHIVCxIIR2FtZVJvb20YgICQ2ILI6AgM    ,3,7,2019-03-01 14:37:11,"{ICameInLikeAWreckingBall,Pyp3r}","{38859,757}","{4,4}","{2,3}",\N,12,Thorn Gulley,26,t,2,1603
ahRzfm91dHdpdHRlcnNnYW1lLWhyZHIVCxIIR2FtZVJvb20YgICQ2ILIqAkM    ,2,7,2019-03-01 13:32:23,"{""KR 86"",Slotgun2367}","{29085,180387}","{0,0}","{1,3}",\N,3,Foundry (V2),5,t,1,1603
ahRzfm91dHdpdHRlcnNnYW1lLWhyZHIVCxIIR2FtZVJvb20YgICQmPL6-wkM    ,2,7,2019-03-01 13:32:27,"{Sophia_and_Tiger,djoklhune}","{189897,1816}","{0,0}","{3,3}",\N,12,Thorn Gulley,6,t,2,1603
ahRzfm91dHdpdHRlcnNnYW1lLWhyZHIVCxIIR2FtZVJvb20YgICQotOPpwkM    ,3,7,2019-03-01 14:39:05,"{Rastapapy,""Mike Pickle""}","{176781,38858}","{3,3}","{1,4}",\N,15,War Garden,10,t,1,1603
ahRzfm91dHdpdHRlcnNnYW1lLWhyZHIVCxIIR2FtZVJvb20YgICQ4pCU6AoM    ,2,7,2019-03-01 15:49:22,"{HabaneroHex,PapaSquat7}","{180373,189708}","{0,0}","{3,3}",\N,3,Foundry (V2),13,t,1,1603
ahRzfm91dHdpdHRlcnNnYW1lLWhyZHIVCxIIR2FtZVJvb20YgICQyJP-vQkM    ,3,7,2019-03-01 12:18:04,"{""Extreme Thing"",ninu00}","{6796,188612}","{3,3}","{3,4}",\N,13,Reaper,21,t,2,1603
ahRzfm91dHdpdHRlcnNnYW1lLWhyZHIVCxIIR2FtZVJvb20YgICQyMm-rQsM    ,3,7,2019-03-01 11:38:54,"{lucastaint,""Felisha Ziebar""}","{26972,189665}","{3,2}","{4,3}",\N,6,Sweetie Plains,31,t,2,1603
ahRzfm91dHdpdHRlcnNnYW1lLWhyZHIVCxIIR2FtZVJvb20YgICQ4pDu5AoM    ,3,7,2019-03-01 10:14:42,"{ellipsis73,Kmaev808}","{25571,37070}","{3,3}","{4,2}",\N,9,Long Nine,16,t,2,1603
ahRzfm91dHdpdHRlcnNnYW1lLWhyZHIVCxIIR2FtZVJvb20YgICQyNPt_wgM    ,3,7,2019-03-01 10:56:47,"{Tshadow05,""Steve-o The Beast""}","{189950,189968}","{1,0}","{3,3}",\N,16,Sweet Tooth,14,t,1,1603
ahRzfm91dHdpdHRlcnNnYW1lLWhyZHIVCxIIR2FtZVJvb20YgICQqIHBqAsM    ,3,7,2019-03-01 12:30:41,"{JoshWurd,ICameInLikeAWreckingBall}","{35132,38859}","{4,4}","{2,2}",\N,6,Sweetie Plains,19,t,2,1603
ahRzfm91dHdpdHRlcnNnYW1lLWhyZHIVCxIIR2FtZVJvb20YgICQsPy3sAoM    ,5,7,2019-03-01 11:17:51,"{SanDiego2,WojoVaults,sportssinco,Kerplowy}","{4944,1716,2045,13769}","{4,4,4,3}","{3,2,2,2}",\N,11,Acrospire,92,t,2,1603
ahRzfm91dHdpdHRlcnNnYW1lLWhyZHIVCxIIR2FtZVJvb20YgICQ6JW6uwkM    ,2,7,2019-03-01 13:04:26,"{Adm_Zottel,""mastermind 7""}","{12885,13116}","{0,0}","{2,4}",\N,6,Sweetie Plains,24,t,1,1603
ahRzfm91dHdpdHRlcnNnYW1lLWhyZHIVCxIIR2FtZVJvb20YgICQ2IKG5AsM    ,2,7,2019-03-01 13:00:00,"{KalleKlonka,HappyBlom}","{40392,175717}","{0,0}","{1,3}",\N,16,Sweet Tooth,58,t,2,1603
ahRzfm91dHdpdHRlcnNnYW1lLWhyZHIVCxIIR2FtZVJvb20YgICQyNPC5ggM    ,3,7,2019-03-01 10:41:07,"{olsookie,!-_Goddess_-!}","{8845,173640}","{2,2}","{3,3}",\N,3,Foundry (V2),18,t,1,1603
ahRzfm91dHdpdHRlcnNnYW1lLWhyZHIVCxIIR2FtZVJvb20YgICQ6JXsqgoM    ,3,7,2019-03-01 13:01:53,"{JTNeu781,fhavko}","{1657,3104}","{4,4}","{3,2}",\N,9,Long Nine,13,t,1,1603
ahRzfm91dHdpdHRlcnNnYW1lLWhyZHIVCxIIR2FtZVJvb20YgICQyKq6qgoM    ,3,7,2019-03-01 11:08:58,"{Slor333,garys664}","{755,24870}","{3,3}","{1,1}",\N,10,Sharkfood Island,10,t,1,1603
ahRzfm91dHdpdHRlcnNnYW1lLWhyZHIVCxIIR2FtZVJvb20YgICQqMG2ogkM    ,3,7,2019-03-01 12:25:41,"{Shawnsil89,bosshogz57}","{39237,13545}","{3,3}","{3,3}",\N,9,Long Nine,14,t,1,1603
ahRzfm91dHdpdHRlcnNnYW1lLWhyZHIVCxIIR2FtZVJvb20YgICQqJ_UswsM    ,3,7,2019-03-01 11:51:06,"{:maracuja:,DaNightTrain}","{29894,2078}","{4,4}","{2,1}",\N,16,Sweet Tooth,43,t,2,1603
ahRzfm91dHdpdHRlcnNnYW1lLWhyZHIVCxIIR2FtZVJvb20YgICQmOr-7AoM    ,3,7,2019-03-01 12:27:52,"{.pfpro.,ICameInLikeAWreckingBall}","{5022,38859}","{4,4}","{3,2}",\N,16,Sweet Tooth,23,t,2,1603
ahRzfm91dHdpdHRlcnNnYW1lLWhyZHIVCxIIR2FtZVJvb20YgICQ4oOKrwkM    ,3,7,2019-03-01 10:36:39,"{Makalb18,ellipsis73}","{86148,25571}","{2,3}","{3,4}",\N,14,Skull Duggery,13,t,2,1603
ahRzfm91dHdpdHRlcnNnYW1lLWhyZHIVCxIIR2FtZVJvb20YgICQqM3I-QkM    ,2,7,2019-03-01 13:12:22,"{Siddhartman2021,Iconoclast808}","{157574,189445}","{0,0}","{3,3}",\N,15,War Garden,15,t,1,1603
ahRzfm91dHdpdHRlcnNnYW1lLWhyZHIVCxIIR2FtZVJvb20YgICQqO266QgM    ,3,7,2019-03-01 13:10:11,"{mcgrathe,doekes}","{12950,189780}","{3,3}","{1,3}",\N,7,Peekaboo,18,t,1,1603
ahRzfm91dHdpdHRlcnNnYW1lLWhyZHIVCxIIR2FtZVJvb20YgICQotPTugoM    ,3,7,2019-03-01 12:08:59,"{GogolMischa,-GUDEN-}","{5054,26932}","{3,3}","{1,4}",\N,16,Sweet Tooth,25,t,2,1603
ahRzfm91dHdpdHRlcnNnYW1lLWhyZHIVCxIIR2FtZVJvb20YgICQqPWm4wgM    ,5,7,2019-03-01 10:43:53,"{WojoVaults,pvmarcos,Kerplowy,chainsaw76}","{1716,164417,13769,17406}","{4,3,3,3}","{2,2,3,3}",\N,8,Blitz Beach,52,t,2,1603
ahRzfm91dHdpdHRlcnNnYW1lLWhyZHIVCxIIR2FtZVJvb20YgICQqLyP7AgM    ,3,7,2019-03-01 10:42:50,"{Uncrase,vincenzo3141}","{159153,5866}","{3,3}","{3,1}",\N,10,Sharkfood Island,12,t,2,1603
ahRzfm91dHdpdHRlcnNnYW1lLWhyZHIVCxIIR2FtZVJvb20YgICQovGp9AgM    ,3,7,2019-03-01 11:48:48,"{JoseAlvarezK,-GUDEN-}","{188943,26932}","{3,3}","{3,4}",\N,15,War Garden,12,t,2,1603
ahRzfm91dHdpdHRlcnNnYW1lLWhyZHIVCxIIR2FtZVJvb20YgICQiNfCrgoM    ,5,7,2019-03-01 13:03:25,"{""Zile 18"",WojoVaults,blauentag,Kerplowy}","{160789,1716,182,13769}","{4,4,4,3}","{3,2,2,3}",\N,5,Candy Core Mine,57,t,1,1603
ahRzfm91dHdpdHRlcnNnYW1lLWhyZHIVCxIIR2FtZVJvb20YgICQ0pWA-goM    ,3,7,2019-03-01 11:50:34,"{BlueMoutian,""Capt. Phil Lawful""}","{189756,179439}","{4,4}","{3,3}",\N,10,Sharkfood Island,11,t,1,1603
ahRzfm91dHdpdHRlcnNnYW1lLWhyZHIVCxIIR2FtZVJvb20YgICQmOOzvAkM    ,3,7,2019-03-01 12:12:09,"{""Fast Hamburgers"",Boomstock218}","{123328,187027}","{3,3}","{4,3}",\N,4,Glitch,12,t,1,1603
ahRzfm91dHdpdHRlcnNnYW1lLWhyZHIVCxIIR2FtZVJvb20YgICQqPDEqgsM    ,3,7,2019-03-01 12:52:20,"{bakos97,Wix!er}","{6742,66346}","{3,3}","{1,3}",\N,14,Skull Duggery,36,t,1,1603
ahRzfm91dHdpdHRlcnNnYW1lLWhyZHIVCxIIR2FtZVJvb20YgICQ2IKcuQsM    ,3,7,2019-03-01 11:42:06,"{.pfpro.,katabuki}","{5022,67152}","{4,5}","{3,2}",\N,7,Peekaboo,15,t,2,1603
ahRzfm91dHdpdHRlcnNnYW1lLWhyZHIVCxIIR2FtZVJvb20YgICQ0uWb6woM    ,3,7,2019-03-01 12:26:08,"{Makalb18,ellipsis73}","{86148,25571}","{2,3}","{3,4}",\N,3,Foundry (V2),17,t,2,1603
ahRzfm91dHdpdHRlcnNnYW1lLWhyZHIVCxIIR2FtZVJvb20YgICQmJO7rwoM    ,3,7,2019-03-01 04:34:45,"{FurryChef1555,""Mianala Balmaer""}","{189510,188368}","{1,1}","{3,3}",\N,12,Thorn Gulley,12,t,2,1603
ahRzfm91dHdpdHRlcnNnYW1lLWhyZHIVCxIIR2FtZVJvb20YgICQyOO9qAsM    ,3,7,2019-03-01 09:30:20,"{Jimyak,Yo_Optiko}","{189887,2733}","{3,3}","{3,2}",\N,3,Foundry (V2),23,t,1,1603
ahRzfm91dHdpdHRlcnNnYW1lLWhyZHIVCxIIR2FtZVJvb20YgICQ2MCx6woM    ,2,7,2019-03-01 09:48:08,"{cindyhermes,cboss84}","{189951,189916}","{0,0}","{3,3}",\N,10,Sharkfood Island,19,t,1,1603
ahRzfm91dHdpdHRlcnNnYW1lLWhyZHIVCxIIR2FtZVJvb20YgICQmKr49gkM    ,3,7,2019-03-01 07:21:28,"{flywitheagles,!-_Goddess_-!}","{39314,173640}","{2,2}","{4,3}",\N,13,Reaper,19,t,2,1603
ahRzfm91dHdpdHRlcnNnYW1lLWhyZHIVCxIIR2FtZVJvb20YgICQqM2RrAoM    ,3,7,2019-03-01 08:32:28,"{DrenchBucket34,SaitoHajime999}","{170380,187829}","{3,4}","{3,2}",\N,16,Sweet Tooth,11,t,2,1603
ahRzfm91dHdpdHRlcnNnYW1lLWhyZHIVCxIIR2FtZVJvb20YgICQyPLuvAoM    ,5,7,2019-03-01 07:21:26,"{pingaling2018,""nancy4fun :]"",WakandaMan,bullet1903}","{188348,39381,180124,99550}","{3,3,3,3}","{4,2,3,3}",\N,17,Sugar Rock,59,t,2,1603
ahRzfm91dHdpdHRlcnNnYW1lLWhyZHIVCxIIR2FtZVJvb20YgICQsPHSuAsM    ,3,7,2019-03-01 09:43:16,"{Proehl4409,""Nicole Shaffer""}","{5163,19049}","{3,3}","{4,1}",\N,16,Sweet Tooth,37,t,1,1603
ahRzfm91dHdpdHRlcnNnYW1lLWhyZHIVCxIIR2FtZVJvb20YgICQmKrd8QkM    ,3,7,2019-03-01 08:32:25,"{arisp1974,joopto}","{15063,189358}","{3,3}","{3,3}",\N,13,Reaper,10,t,2,1603
ahRzfm91dHdpdHRlcnNnYW1lLWhyZHIVCxIIR2FtZVJvb20YgICQks3jqwsM    ,3,7,2019-03-01 09:23:25,"{monvells,Peacemkr28}","{187250,185362}","{3,3}","{1,2}",\N,13,Reaper,14,t,2,1603
ahRzfm91dHdpdHRlcnNnYW1lLWhyZHIVCxIIR2FtZVJvb20YgICQmJihugoM    ,3,7,2019-03-01 04:26:24,"{<ICEMAN1212>,Dedanista}","{59914,41660}","{3,3}","{2,3}",\N,10,Sharkfood Island,18,t,1,1603
ahRzfm91dHdpdHRlcnNnYW1lLWhyZHIVCxIIR2FtZVJvb20YgICQ6Mu2tAoM    ,3,7,2019-03-01 05:52:54,"{""Alf The Vslayer"",TheCondimentKing}","{185245,133317}","{3,3}","{3,1}",\N,6,Sweetie Plains,43,t,2,1603
ahRzfm91dHdpdHRlcnNnYW1lLWhyZHIVCxIIR2FtZVJvb20YgICQ8L_8qAoM    ,3,7,2019-03-01 03:32:29,"{laffingleigh,Zerleger42}","{14832,132719}","{3,4}","{3,3}",\N,7,Peekaboo,21,t,1,1603
ahRzfm91dHdpdHRlcnNnYW1lLWhyZHIVCxIIR2FtZVJvb20YgICQmKrHmAgM    ,3,7,2019-03-01 06:28:39,"{Chizzzle,LethalAce7}","{189910,189830}","{3,3}","{1,3}",\N,15,War Garden,27,t,2,1603
ahRzfm91dHdpdHRlcnNnYW1lLWhyZHIVCxIIR2FtZVJvb20YgICQ4uKS7ggM    ,3,7,2019-03-01 08:32:04,"{BoogaBraid,vincenzo3141}","{14667,5866}","{3,3}","{3,1}",\N,13,Reaper,6,t,2,1603
ahRzfm91dHdpdHRlcnNnYW1lLWhyZHIVCxIIR2FtZVJvb20YgICQyOPi_ggM    ,5,7,2019-03-01 08:50:46,"{blauentag,Giggo73,Kerplowy,CiscoHawk1}","{182,40483,13769,176710}","{4,3,4,3}","{3,2,2,3}",\N,11,Acrospire,66,t,2,1603
ahRzfm91dHdpdHRlcnNnYW1lLWhyZHIVCxIIR2FtZVJvb20YgICQyMK6gAsM    ,3,7,2019-03-01 03:32:28,"{serbitar77,arisp1974}","{189203,15063}","{3,3}","{3,3}",\N,6,Sweetie Plains,98,t,1,1603
ahRzfm91dHdpdHRlcnNnYW1lLWhyZHIVCxIIR2FtZVJvb20YgICQqO2frQoM    ,3,7,2019-03-01 03:38:45,"{kdaytona82,stevechye1}","{11337,189772}","{1,1}","{3,3}",\N,15,War Garden,12,t,2,1603
ahRzfm91dHdpdHRlcnNnYW1lLWhyZHIVCxIIR2FtZVJvb20YgICQsJKargkM    ,3,7,2019-03-01 06:37:02,"{Renewoneplayer,""Hugo Asbach""}","{186442,155835}","{3,3}","{1,2}",\N,6,Sweetie Plains,48,t,1,1603
ahRzfm91dHdpdHRlcnNnYW1lLWhyZHIVCxIIR2FtZVJvb20YgICQiIf1oQkM    ,3,7,2019-03-01 08:28:38,"{Tremendo28lp,Spider290661}","{152948,166560}","{3,3}","{4,3}",\N,9,Long Nine,44,t,1,1603
ahRzfm91dHdpdHRlcnNnYW1lLWhyZHIVCxIIR2FtZVJvb20YgICQyLXDjwoM    ,3,7,2019-03-01 07:51:58,"{Akkete,bawk11}","{2471,26276}","{5,5}","{1,2}",\N,12,Thorn Gulley,55,t,1,1603
ahRzfm91dHdpdHRlcnNnYW1lLWhyZHIVCxIIR2FtZVJvb20YgICQ4qK16ggM    ,2,7,2019-03-01 09:29:56,"{SpencerL62,jackdavidmc}","{139457,189967}","{0,0}","{3,3}",\N,10,Sharkfood Island,31,t,1,1603
ahRzfm91dHdpdHRlcnNnYW1lLWhyZHIVCxIIR2FtZVJvb20YgICQ6JueswsM    ,3,7,2019-03-01 05:08:04,"{Kmaev808,""Buford Turnipseed""}","{37070,185412}","{3,3}","{2,4}",\N,9,Long Nine,18,t,2,1603
ahRzfm91dHdpdHRlcnNnYW1lLWhyZHIVCxIIR2FtZVJvb20YgICQmJi6qwsM    ,3,7,2019-03-01 06:49:12,"{CoolPao,""Zile 18""}","{145729,160789}","{5,5}","{1,3}",\N,15,War Garden,20,t,1,1603
ahRzfm91dHdpdHRlcnNnYW1lLWhyZHIVCxIIR2FtZVJvb20YgICQsNOBsgoM    ,3,7,2019-03-01 08:32:26,"{arisp1974,PatchHoliday}","{15063,39081}","{3,3}","{3,1}",\N,7,Peekaboo,31,t,2,1603
ahRzfm91dHdpdHRlcnNnYW1lLWhyZHIVCxIIR2FtZVJvb20YgICQ6PmP7ggM    ,3,7,2019-03-01 03:32:31,"{""el flea55"",DrenchBucket34}","{39493,170380}","{3,3}","{1,3}",\N,7,Peekaboo,25,t,1,1603
ahRzfm91dHdpdHRlcnNnYW1lLWhyZHIVCxIIR2FtZVJvb20YgICQyPLX6wsM    ,3,7,2019-03-01 09:15:28,"{Giggo73,""- king -""}","{40483,156055}","{4,4}","{4,3}",\N,6,Sweetie Plains,36,t,2,1603
ahRzfm91dHdpdHRlcnNnYW1lLWhyZHIVCxIIR2FtZVJvb20YgICQqIHasQkM    ,3,7,2019-03-01 03:55:50,"{Wix!er,""Comander Dady""}","{66346,22789}","{3,3}","{3,3}",\N,4,Glitch,43,t,1,1603
ahRzfm91dHdpdHRlcnNnYW1lLWhyZHIVCxIIR2FtZVJvb20YgICQiM_I_QkM    ,5,7,2019-03-01 00:38:47,"{Robdog99,JammyBagel,""Whitney Rules"",uckfou}","{50266,188400,40326,14317}","{2,2,2,2}","{2,3,1,3}",\N,8,Blitz Beach,20,t,2,1603
ahRzfm91dHdpdHRlcnNnYW1lLWhyZHIVCxIIR2FtZVJvb20YgICQqO3woQkM    ,3,7,2019-03-01 00:29:58,"{-GUDEN-,serbitar77}","{26932,189203}","{3,3}","{4,3}",\N,4,Glitch,52,t,2,1603
ahRzfm91dHdpdHRlcnNnYW1lLWhyZHIVCxIIR2FtZVJvb20YgICQ0pWAugoM    ,3,7,2019-03-01 00:14:53,"{Peacemkr28,dls2721}","{185362,182892}","{3,3}","{3,1}",\N,12,Thorn Gulley,55,t,1,1603
ahRzfm91dHdpdHRlcnNnYW1lLWhyZHIVCxIIR2FtZVJvb20YgICQyOr4vwkM    ,3,7,2019-03-01 00:26:25,"{""el flea55"",alextwothousandone}","{39493,87650}","{3,3}","{1,2}",\N,3,Foundry (V2),22,t,2,1603
ahRzfm91dHdpdHRlcnNnYW1lLWhyZHIVCxIIR2FtZVJvb20YgICQqO2frQkM    ,3,7,2019-03-01 00:45:25,"{BakedEnigma1470,DervishSoul}","{189751,14500}","{3,3}","{3,4}",\N,14,Skull Duggery,26,t,1,1603
ahRzfm91dHdpdHRlcnNnYW1lLWhyZHIVCxIIR2FtZVJvb20YgICQqOy2_wgM    ,4,7,2019-03-01 03:32:25,"{xdimpsx,DeLaBean,RLee21,Alealmda}","{9787,174380,189849,189774}","{0,0,0,0}","{3,2,3,4}",\N,8,Blitz Beach,20,t,1,1603
ahRzfm91dHdpdHRlcnNnYW1lLWhyZHIVCxIIR2FtZVJvb20YgICQmJO7rwkM    ,3,7,2019-03-01 01:55:31,"{alextwothousandone,-GUDEN-}","{87650,26932}","{3,3}","{2,4}",\N,14,Skull Duggery,28,t,1,1603
ahRzfm91dHdpdHRlcnNnYW1lLWhyZHIVCxIIR2FtZVJvb20YgICQ6Izm6AkM    ,3,7,2019-03-01 00:16:43,"{Uconn1029,PapaSquat7}","{34361,189708}","{1,1}","{3,3}",\N,13,Reaper,18,t,1,1603
ahRzfm91dHdpdHRlcnNnYW1lLWhyZHIVCxIIR2FtZVJvb20YgICQsOKpswoM    ,2,7,2019-03-01 03:32:25,"{Derry43,LuckyTorch1313}","{188938,134780}","{0,0}","{3,4}",\N,6,Sweetie Plains,16,t,2,1603
ahRzfm91dHdpdHRlcnNnYW1lLWhyZHIVCxIIR2FtZVJvb20YgICQiPfbvgoM    ,3,7,2019-03-01 00:25:35,"{jdunn8771,DervishSoul}","{15977,14500}","{3,3}","{3,2}",\N,7,Peekaboo,44,t,1,1603
ahRzfm91dHdpdHRlcnNnYW1lLWhyZHIVCxIIR2FtZVJvb20YgICQmJqWpgkM    ,3,7,2019-03-01 01:16:12,"{goatforth,drew549}","{39074,16308}","{3,4}","{3,2}",\N,14,Skull Duggery,31,t,2,1603
ahRzfm91dHdpdHRlcnNnYW1lLWhyZHIVCxIIR2FtZVJvb20YgICQ4r-RpAsM    ,3,7,2019-03-01 02:07:21,"{BakedEnigma1470,Dream4000}","{189751,189548}","{3,3}","{3,3}",\N,16,Sweet Tooth,32,t,2,1603
ahRzfm91dHdpdHRlcnNnYW1lLWhyZHIVCxIIR2FtZVJvb20YgICQ6Pr9-gsM    ,3,7,2019-03-01 00:35:18,"{JammyBagel,:maracuja:}","{188400,29894}","{4,4}","{2,1}",\N,6,Sweetie Plains,55,t,1,1603
ahRzfm91dHdpdHRlcnNnYW1lLWhyZHIVCxIIR2FtZVJvb20YgICQqMG24ggM    ,3,7,2019-03-01 01:11:54,"{chrischeung28,zifiris}","{69434,3195}","{3,3}","{4,3}",\N,6,Sweetie Plains,12,t,2,1603
ahRzfm91dHdpdHRlcnNnYW1lLWhyZHIVCxIIR2FtZVJvb20YgICQ0uWbqwoM    ,3,7,2019-03-01 00:24:45,"{""Duk of Death"",MarutanRay}","{27708,188899}","{4,5}","{1,3}",\N,4,Glitch,9,t,2,1603
ahRzfm91dHdpdHRlcnNnYW1lLWhyZHIVCxIIR2FtZVJvb20YgICQmNH24QoM    ,3,7,2019-03-01 01:16:09,"{Iz.Beachy,jcmorenoss}","{188282,184579}","{3,3}","{1,1}",\N,7,Peekaboo,53,t,1,1603
ahRzfm91dHdpdHRlcnNnYW1lLWhyZHIVCxIIR2FtZVJvb20YgICQqMH4rAkM    ,3,7,2019-03-01 00:55:28,"{goatforth,SiddhantK22}","{39074,189840}","{3,3}","{3,3}",\N,13,Reaper,62,t,2,1603
ahRzfm91dHdpdHRlcnNnYW1lLWhyZHIVCxIIR2FtZVJvb20YgICQqM3c5AgM    ,3,7,2019-03-01 00:10:08,"{tursiops86,TikiBeeki}","{3856,18079}","{3,3}","{3,1}",\N,12,Thorn Gulley,43,t,1,1603
ahRzfm91dHdpdHRlcnNnYW1lLWhyZHIVCxIIR2FtZVJvb20YgICQqPCO5ggM    ,3,7,2019-03-01 00:27:56,"{drew549,ICameInLikeAWreckingBall}","{16308,38859}","{4,4}","{2,2}",\N,12,Thorn Gulley,17,t,2,1603
ahRzfm91dHdpdHRlcnNnYW1lLWhyZHIVCxIIR2FtZVJvb20YgICQmKPJvwoM    ,3,7,2019-03-01 02:53:06,"{""aP StretcH"",TheGreatTiki}","{9749,9454}","{3,3}","{1,2}",\N,4,Glitch,25,t,1,1603
ahRzfm91dHdpdHRlcnNnYW1lLWhyZHIVCxIIR2FtZVJvb20YgICQqLCrogkM    ,3,7,2019-03-01 00:59:40,"{drew549,-GUDEN-}","{16308,26932}","{4,3}","{2,4}",\N,9,Long Nine,11,t,1,1603
ahRzfm91dHdpdHRlcnNnYW1lLWhyZHIVCxIIR2FtZVJvb20YgICQqPDp9wgM    ,3,7,2019-03-01 01:48:36,"{JUDOBABYPSL,BlueMoutian}","{189275,189756}","{3,4}","{1,3}",\N,12,Thorn Gulley,53,t,2,1603
ahRzfm91dHdpdHRlcnNnYW1lLWhyZHIVCxIIR2FtZVJvb20YgICQ6LvXsgsM    ,3,7,2019-03-01 01:57:01,"{-GUDEN-,""el flea55""}","{26932,39493}","{3,3}","{4,1}",\N,3,Foundry (V2),27,t,2,1603
ahRzfm91dHdpdHRlcnNnYW1lLWhyZHIVCxIIR2FtZVJvb20YgICQmMqL-goM    ,3,7,2019-03-01 22:02:38,"{Kmaev808,FAJAPAJA}","{37070,7576}","{3,2}","{1,3}",\N,14,Skull Duggery,25,t,1,1603
ahRzfm91dHdpdHRlcnNnYW1lLWhyZHIVCxIIR2FtZVJvb20YgICQovHi-AgM    ,3,7,2019-03-01 12:29:06,"{CoolPao,MarutanRay}","{145729,188899}","{5,5}","{2,3}",\N,10,Sharkfood Island,17,t,1,1603
ahRzfm91dHdpdHRlcnNnYW1lLWhyZHIVCxIIR2FtZVJvb20YgICQiK2YpwsM    ,5,7,2019-03-01 12:43:49,"{Kerplowy,beepea8,WojoVaults,deadfishnonsense}","{13769,312,1716,88274}","{3,3,4,3}","{1,1,4,3}",\N,1,Machination,52,t,2,1603
ahRzfm91dHdpdHRlcnNnYW1lLWhyZHIVCxIIR2FtZVJvb20YgICQyOrioQoM    ,3,7,2019-03-01 14:55:40,"{murneltheturtle,TheGreatTiki}","{187774,9454}","{3,3}","{2,2}",\N,4,Glitch,19,t,1,1603
ahRzfm91dHdpdHRlcnNnYW1lLWhyZHIVCxIIR2FtZVJvb20YgICQyJOv6gkM    ,3,7,2019-03-01 22:17:03,"{""Π Anvil Π"",SanDiego2}","{188241,4944}","{4,4}","{1,2}",\N,15,War Garden,33,t,1,1603
ahRzfm91dHdpdHRlcnNnYW1lLWhyZHIVCxIIR2FtZVJvb20YgICQsIj4tAkM    ,5,7,2019-03-01 17:33:26,"{sportssinco,.-DuMontster-.,SanDiego2,""Π Anvil Π""}","{2045,37625,4944,188241}","{4,4,4,4}","{2,2,3,3}",\N,11,Acrospire,59,t,2,1603
ahRzfm91dHdpdHRlcnNnYW1lLWhyZHIVCxIIR2FtZVJvb20YgICQiNeW_wgM    ,5,7,2019-03-01 23:32:28,"{>>Lewer<<,->r1kz<-,G3ntleB3ast,chelsea4-4-2}","{137887,16714,38978,65461}","{5,4,5,4}","{2,3,3,2}",\N,11,Acrospire,16,t,1,1603
ahRzfm91dHdpdHRlcnNnYW1lLWhyZHIVCxIIR2FtZVJvb20YgICQqM2RrAkM    ,3,7,2019-03-01 08:32:27,"{DrenchBucket34,SaitoHajime999}","{170380,187829}","{3,4}","{3,3}",\N,3,Foundry (V2),13,t,2,1603
ahRzfm91dHdpdHRlcnNnYW1lLWhyZHIVCxIIR2FtZVJvb20YgICQ4oPUtgkM    ,2,7,2019-03-01 01:25:56,"{l8trsk8tr,photonobby75}","{189974,166097}","{0,0}","{3,2}",\N,10,Sharkfood Island,11,t,2,1603
ahRzfm91dHdpdHRlcnNnYW1lLWhyZHIVCxIIR2FtZVJvb20YgICQoqi8-QgM    ,3,7,2019-03-01 21:34:19,"{Bojangles2015,ICameInLikeAWreckingBall}","{128970,38859}","{4,4}","{4,2}",\N,15,War Garden,7,t,2,1603
ahRzfm91dHdpdHRlcnNnYW1lLWhyZHIVCxIIR2FtZVJvb20YgICQ8L_brAoM    ,2,7,2019-03-01 18:31:32,"{max222222222221,SilverGuard11942}","{189820,189791}","{0,0}","{3,3}",\N,14,Skull Duggery,14,t,2,1603
ahRzfm91dHdpdHRlcnNnYW1lLWhyZHIVCxIIR2FtZVJvb20YgICQovGptAoM    ,3,7,2019-03-01 16:17:04,"{""timothy24 67"",ellipsis73}","{181097,25571}","{3,3}","{3,4}",\N,16,Sweet Tooth,20,t,1,1603
ahRzfm91dHdpdHRlcnNnYW1lLWhyZHIVCxIIR2FtZVJvb20YgICQ6OaCqQsM    